iter,sigma,best_value
1,0.9840451821760829,2810888.564658475
2,1.094495688160031,2792897.29928576
3,1.2774649704736032,2754488.9375492665
4,1.4882641957941625,2720053.1088789944
5,1.7184761639995974,2708892.122672071
6,1.8187032042307358,2695413.6847833116
7,1.9913570428245162,2652144.552885398
8,2.259883851891662,2611030.872747006
9,2.518808819077949,2566075.161408444
10,2.928539594272266,2461957.219045043
11,3.338539300986123,2451549.2481946363
12,4.054960054867015,2340154.744723384
13,4.779059827539866,2289588.033617936
14,5.917792810878829,2068408.2367781913
15,7.468155892043454,1886101.6505552975
16,8.920273237027724,1790194.1338837682
17,10.20763086651186,1637772.3622376653
18,12.61699933919522,1326622.9358363329
19,16.40278906317736,908282.2344459132
20,19.76709487069237,908282.2344459132
21,23.251558909267068,682880.2290119154
22,27.34173596947183,576544.5501266359
23,32.5664434195014,102109.24333648352
24,39.75912068204317,9946.94511790574
25,46.16250511701151,5762.8293821985135
26,49.65332534737006,5762.8293821985135
27,53.25296072422527,5762.8293821985135
28,53.84085386526498,5762.8293821985135
29,51.21432457807162,5762.8293821985135
30,47.763502582138074,5762.8293821985135
31,43.35065199740868,5762.8293821985135
32,37.772813727378484,5762.8293821985135
33,34.684156544416176,5762.8293821985135
34,33.7655935558853,5762.8293821985135
35,32.28942035740558,5762.8293821985135
36,31.627361555862386,5762.8293821985135
37,30.784326744712708,4875.502119579885
38,28.14692300659897,4875.502119579885
39,26.793002115880455,4401.986511154806
40,25.781333550356113,3394.2093947276726
41,24.37664615483381,3394.2093947276726
42,26.48696762487829,3394.2093947276726
43,26.58971164836054,3394.2093947276726
44,26.90642670642457,3394.2093947276726
45,27.822195626913967,3394.2093947276726
46,24.98713710152557,3394.2093947276726
47,23.523698663206357,3394.2093947276726
48,22.20780016281728,3394.2093947276726
49,22.2585462668849,3394.2093947276726
50,21.879458484414023,3394.2093947276726
51,21.436295442240304,3394.2093947276726
52,20.19463930063823,3394.2093947276726
53,18.98882519922355,3394.2093947276726
54,17.051390881324803,3394.2093947276726
55,15.644140742514104,3394.2093947276726
56,16.786595971809827,3394.2093947276726
57,16.79979137515454,3394.2093947276726
58,15.804856125434654,3394.2093947276726
59,15.772171021619325,3394.2093947276726
60,15.821463577009405,3394.2093947276726
61,15.812793790648055,3394.2093947276726
62,16.413470920237597,3394.2093947276726
63,16.062428493200425,3108.934271028983
64,14.808912618156906,2737.770832301479
65,14.431653766842183,2726.6668421445233
66,13.496939950532369,2726.6668421445233
67,13.001240089244282,2726.6668421445233
68,12.397289612152774,2726.6668421445233
69,11.243820201267196,2316.0809430684176
70,10.914490919661255,2316.0809430684176
71,11.161714788405382,2316.0809430684176
72,11.066470014968095,2316.0809430684176
73,11.53490475559731,2316.0809430684176
74,11.995537210796407,2316.0809430684176
75,11.406566097882905,2316.0809430684176
76,11.09047601839386,1691.9123063479863
77,10.477524613953667,1691.9123063479863
78,10.611750800134695,1691.9123063479863
79,10.843069955854878,1691.9123063479863
80,10.446949832316319,1691.9123063479863
81,10.542264466301651,1691.9123063479863
82,9.627619009712603,1691.9123063479863
83,8.824518276786124,1691.9123063479863
84,8.63165780184183,1691.9123063479863
85,8.995459108440963,1691.9123063479863
86,8.931087037936035,1691.9123063479863
87,8.957483028054845,1329.4869133110205
88,9.17607291504067,1329.4869133110205
89,9.574823691366426,840.7196846361934
90,9.173751671897417,840.7196846361934
91,8.820629874511628,791.4381611907097
92,8.408631219710239,791.4381611907097
93,8.33933178878778,641.5711360682631
94,9.016810102257491,439.6241733161365
95,9.549109264902134,439.6241733161365
96,9.966046933488434,439.6241733161365
97,9.47845437500681,439.6241733161365
98,9.315287186833928,423.47932659801035
99,9.059319554358538,423.47932659801035
100,8.913993850439898,297.07676010759695
101,8.627901647622261,174.36313679918254
102,8.116118313495495,121.02403234278829
103,7.6924672849901725,121.02403234278829
104,7.595521591419379,121.02403234278829
105,7.572015896780531,116.03837787966461
106,7.480559997972666,116.03837787966461
107,7.355790798214277,116.03837787966461
108,7.009548254148008,78.45052545800466
109,6.814601890920401,78.45052545800466
110,6.860747282488835,78.45052545800466
111,6.9633476224698825,78.45052545800466
112,6.615896927236662,78.45052545800466
113,6.597617105293035,78.45052545800466
114,6.028631219760247,78.45052545800466
115,5.994445372563788,78.45052545800466
116,6.045384402443682,63.21756349241169
117,6.0744688667085684,63.21756349241169
118,5.76925135103698,63.21756349241169
119,5.434602844319324,63.21756349241169
120,4.910695150162853,63.21756349241169
121,4.691613744512435,63.21756349241169
122,4.478079465588095,63.21756349241169
123,4.223606927483121,63.21756349241169
124,3.9685249050659657,63.21756349241169
125,3.8037082986021584,63.21756349241169
126,3.666054565209923,59.38579509317342
127,3.7180206807727796,42.40206434692964
128,3.6062335727897032,42.40206434692964
129,3.4887243977682987,37.86361105078353
130,3.359994900569433,17.32675467906597
131,2.9987149967461635,17.32675467906597
132,2.8752423417414565,16.326411813811085
133,2.7164752090917608,16.326411813811085
134,2.502114132018233,16.326411813811085
135,2.292718118675535,16.326411813811085
136,2.213663945699789,6.170268000468901
137,2.1683314860999903,6.170268000468901
138,2.089813117516523,6.170268000468901
139,1.9611565218075344,4.8827075880051
140,1.8885080097908749,4.8827075880051
141,1.8982562063255557,4.8827075880051
142,1.7820705122347538,4.8827075880051
143,1.7842906556482232,4.8827075880051
144,1.8066650494590715,4.8827075880051
145,1.6769627190468916,3.589741727751043
146,1.559048262467309,3.311851228540119
147,1.4475867596226484,3.311851228540119
148,1.3930623579124823,3.2521063454619386
149,1.2762091743681059,2.718531802606544
150,1.131213650410069,1.5042754124470605
151,1.0020372152237673,1.4621691606547815
152,0.9814810850890949,1.4621691606547815
153,0.9220842859373365,1.4081764189855168
154,0.8307879172292745,1.2975246642733604
155,0.7298926428952233,0.5673972981582396
156,0.670871952902452,0.5673972981582396
157,0.6390661500011282,0.5659033236331126
158,0.6281609021047196,0.5659033236331126
159,0.604604643126728,0.5659033236331126
160,0.5910630187391801,0.5659033236331126
161,0.5701950743771929,0.5659033236331126
162,0.5672065250568947,0.5659033236331126
163,0.5275612797062473,0.5659033236331126
164,0.46780627046512646,0.4965458336657421
165,0.41989617949608765,0.17007585544468987
166,0.4095153745126953,0.17007585544468987
167,0.380042499145465,0.17007585544468987
168,0.3599114188538844,0.17007585544468987
169,0.3708570172880439,0.17007585544468987
170,0.3719923589729499,0.17007585544468987
171,0.36562163804391523,0.17007585544468987
172,0.3576984926380645,0.1403474468360722
173,0.34725579589655237,0.1403474468360722
174,0.3256658733791076,0.1403474468360722
175,0.29922963499910965,0.1403474468360722
176,0.27973559254352776,0.10244308498697055
177,0.27781704958429704,0.0769037111571884
178,0.2888456165883866,0.0769037111571884
179,0.29002123995417306,0.033920437310197234
180,0.2907522495120229,0.033920437310197234
181,0.28383791900489835,0.033920437310197234
182,0.25672994833362056,0.033920437310197234
183,0.22910851782800865,0.033920437310197234
184,0.20596894374305155,0.033920437310197234
185,0.1940619247627182,0.033920437310197234
186,0.17582996010589894,0.01149828698796329
187,0.1624024180811959,0.01149828698796329
188,0.15742444010893922,0.01149828698796329
189,0.15317815326988446,0.01149828698796329
190,0.14778590066011257,0.01149828698796329
191,0.1392022815343385,0.011269654580964182
192,0.1290137974327124,0.011269654580964182
193,0.12281903813843771,0.011269654580964182
194,0.12683014166553871,0.009879102200863216
195,0.13177332654284085,0.009879102200863216
196,0.12740548351149492,0.009879102200863216
197,0.12097753387158432,0.009879102200863216
198,0.11526432384620089,0.006292737397063902
199,0.11392501448025014,0.006292737397063902
200,0.10912030011129885,0.006292737397063902
201,0.10332724929038034,0.0023212566925306546
202,0.09737536268309163,0.0023212566925306546
203,0.09045640707049978,0.0023212566925306546
204,0.08180693447201887,0.0023212566925306546
205,0.07572248044839168,0.0023212566925306546
206,0.06630969992061457,0.0023212566925306546
207,0.061364060270617735,0.001982358732978358
208,0.05409880985908357,0.001982358732978358
209,0.047979098185016625,0.001982358732978358
210,0.04413475476416319,0.0013246469121594828
211,0.0437763991745697,0.0012738768557316428
212,0.04037143297303558,0.0008170950826426049
213,0.037837435679673084,0.0008170950826426049
214,0.03536868872747363,0.0005804209860595024
215,0.03268930770240093,0.0005375964205376242
216,0.03307314538972138,0.00047542375882609966
217,0.03276148807691926,0.00047542375882609966
218,0.03217375544012194,0.0004258776350294844
219,0.030261595001860084,0.00038469926814407456
220,0.028176516464265385,0.0002489438353879892
221,0.0260385532384984,0.0002489438353879892
222,0.023699568666274227,0.0002489438353879892
223,0.023459897227271067,0.0002489438353879892
224,0.022224061632961107,0.0002489438353879892
225,0.02183524668669693,0.00012885660074601996
226,0.020300319125307886,0.00012885660074601996
227,0.01877537406385119,0.00012885660074601996
228,0.01800586682210997,4.823566281414453e-05
229,0.016789882886359173,4.823566281414453e-05
230,0.01696623032108041,4.823566281414453e-05
231,0.016684749021469766,4.823566281414453e-05
232,0.015188781831039456,4.823566281414453e-05
233,0.013942284184744278,4.823566281414453e-05
234,0.012630879206299113,4.823566281414453e-05
235,0.010977498035277899,4.823566281414453e-05
236,0.009633308753100115,3.4861181374863056e-05
237,0.008716119983687426,3.140445116883053e-05
238,0.007817983803231234,2.9443860176695967e-05
239,0.007330040437141373,2.9443860176695967e-05
240,0.0066295944702359335,1.2873157141221968e-05
241,0.006510899496457646,1.2873157141221968e-05
242,0.006325312700145579,4.76312460114321e-06
243,0.0059118014406539686,4.76312460114321e-06
244,0.005732158071148642,4.76312460114321e-06
245,0.00547688714833501,4.76312460114321e-06
246,0.005315026633498468,4.76312460114321e-06
247,0.005433019500015434,4.76312460114321e-06
248,0.00539659417258022,4.640144246001049e-06
249,0.0051005193936657055,4.640144246001049e-06
250,0.004821086714282266,4.640144246001049e-06
251,0.004531704500382555,3.4254595724629534e-06
252,0.0041586368608019005,3.402845744406537e-06
253,0.0038075672807425065,3.402845744406537e-06
254,0.0034802729882057134,3.402845744406537e-06
255,0.003250704614046269,1.608728598727153e-06
256,0.003062024260871725,1.5429841861695856e-06
257,0.0028291661909139437,1.5429841861695856e-06
258,0.002737337194614399,1.5429841861695856e-06
259,0.002709062535805898,1.5429841861695856e-06
260,0.0024688040124928416,1.4624630173840032e-06
261,0.0022690408212416306,1.1742012490445153e-06
262,0.002145425752633843,1.1742012490445153e-06
263,0.0020754625113051355,1.086311624837244e-06
264,0.0019511306860180292,9.334280162451353e-07
265,0.0018400125884301963,6.472764031131154e-07
266,0.0017184582998417146,4.7099330695453026e-07
267,0.0015531555297380924,4.7099330695453026e-07
268,0.0013764738157676691,4.7099330695453026e-07
269,0.0012500568245183924,3.743786625161913e-07
270,0.0011357020012633286,3.1683778293935284e-07
271,0.0010649246257529014,1.732699076668169e-07
272,0.001040896683502655,1.6482535860678814e-07
273,0.0009367188423732942,1.6482535860678814e-07
274,0.0007999833248188949,1.6162164238570115e-07
275,0.0007252463748156928,3.929116431931554e-08
276,0.0007064711669749372,3.929116431931554e-08
277,0.0006540890279179188,3.929116431931554e-08
278,0.0006256031938172081,3.929116431931554e-08
279,0.000578574752255857,3.646977618902699e-08
280,0.0005355874315347858,2.4737080592120887e-08
281,0.0005139602320845758,2.4737080592120887e-08
282,0.0005233799356864547,2.4737080592120887e-08
283,0.0005188879173711368,2.4737080592120887e-08
284,0.0005162344123778498,2.4737080592120887e-08
285,0.00046604270042972996,2.4737080592120887e-08
286,0.00043328993012008594,2.4737080592120887e-08
287,0.0004023933254753347,1.8148146390176574e-08
288,0.00038752179436955244,1.8148146390176574e-08
289,0.00035215153003350833,1.8148146390176574e-08
290,0.00031184210464305643,1.649045287213287e-08
291,0.00028497598013196314,1.649045287213287e-08
292,0.0002658243938389494,1.0087015184444527e-08
293,0.0002425030850047371,1.0087015184444527e-08
294,0.00022289613353995529,6.6665861179492715e-09
295,0.00020720173945858807,2.655622327398491e-09
296,0.00020157513704011784,2.655622327398491e-09
297,0.00019959026965306957,2.655622327398491e-09
298,0.00018156770568728665,2.655622327398491e-09
299,0.00016922682779180108,2.655622327398491e-09
300,0.0001549461572396103,2.5030744858326443e-09
301,0.00014639835541165313,2.5030744858326443e-09
302,0.00013661591330480123,2.5030744858326443e-09
303,0.00013338648663017833,2.2452161883495617e-09
304,0.00011837296717328396,2.2452161883495617e-09
305,0.00010647262318358103,1.75350918057141e-09
306,0.00010113481552212381,1.3173815121154869e-09
307,9.765069173781137e-05,1.3173815121154869e-09
308,9.489835148964795e-05,7.644171192721117e-10
309,9.048412496711428e-05,7.344222929243054e-10
310,8.302160951486846e-05,4.87214450659537e-10
311,7.621921819847312e-05,4.87214450659537e-10
312,7.28522080477488e-05,4.292252857701907e-10
313,6.267431513933838e-05,3.1017055710066354e-10
314,5.495650802882841e-05,3.1017055710066354e-10
315,4.96775407196651e-05,3.1017055710066354e-10
316,4.554166059446173e-05,2.1232196609427993e-10
317,4.2629347171008556e-05,2.1232196609427993e-10
318,3.904619675924082e-05,1.41132020884037e-10
319,3.506441073372242e-05,1.41132020884037e-10
320,3.409733847486653e-05,1.2521677760451378e-10
321,3.208612215837878e-05,5.716263981946579e-11
322,3.070026525600703e-05,3.8203591186855376e-11
323,2.9820060123065898e-05,3.8203591186855376e-11
324,2.9127151581281348e-05,3.8203591186855376e-11
325,2.573350867879153e-05,3.8203591186855376e-11
326,2.300443082356599e-05,3.62442207686348e-11
327,2.1307763252799865e-05,3.62442207686348e-11
328,2.082267201951215e-05,1.91349987357979e-11
329,1.9223284858090965e-05,1.91349987357979e-11
330,1.7209601875037342e-05,1.91349987357979e-11
331,1.639646547912549e-05,1.0981558457003537e-11
332,1.5131983313426343e-05,1.0981558457003537e-11
333,1.4273090159365735e-05,1.0981558457003537e-11
334,1.2134847489993535e-05,9.4323412567268e-12
335,1.0907326842417267e-05,4.7330566249549806e-12
336,1.0344396722941915e-05,4.66232852280651e-12
337,9.029018365628259e-06,2.470882157739933e-12
338,7.868464930813607e-06,2.470882157739933e-12
339,7.155862567420439e-06,2.470882157739933e-12
340,6.938451743246717e-06,2.16609848013942e-12
341,6.610913135040878e-06,2.16609848013942e-12
342,6.010056253713493e-06,1.863053303583481e-12
343,5.26903056118155e-06,1.2522940868244025e-12
344,4.733251561251539e-06,9.845335893085138e-13
345,4.331088681460692e-06,9.845335893085138e-13
346,4.363745151146776e-06,9.143614352982708e-13
347,4.4710420917183826e-06,9.143614352982708e-13
348,4.591064884301552e-06,7.326585633883798e-13
349,4.654783491691689e-06,7.092448809696063e-13
350,4.24484448160558e-06,7.092448809696063e-13
351,3.822061111640849e-06,6.773304697301195e-13
352,3.6860105543646798e-06,4.651922960783784e-13
353,3.5760130685910877e-06,4.651922960783784e-13
354,3.488903313540381e-06,4.651922960783784e-13
355,3.349925564850661e-06,2.90182539636734e-13
356,3.0205791593447587e-06,2.90182539636734e-13
357,2.786517245310453e-06,2.575253023829955e-13
358,2.4489280921299757e-06,1.1536266535962701e-13
359,2.228515371287208e-06,9.880469542955484e-14
360,2.1112547181605588e-06,9.880469542955484e-14
361,1.942493506526881e-06,9.880469542955484e-14
362,1.8085847337004015e-06,9.880469542955484e-14
363,1.6064168313210506e-06,9.880469542955484e-14
364,1.4893474587722932e-06,9.880469542955484e-14
365,1.4031401463223239e-06,8.16610681268017e-14
366,1.2898372925498333e-06,5.6231635388342384e-14
367,1.285178565666278e-06,2.454540811221621e-14
368,1.1666956703516239e-06,2.454540811221621e-14
369,1.0912367595786854e-06,2.454540811221621e-14
370,1.0294319785703285e-06,2.454540811221621e-14
371,9.197507940675375e-07,2.454540811221621e-14
372,8.364082283262859e-07,1.8365068848988214e-14
373,8.081138041171337e-07,1.8365068848988214e-14
374,7.472135372796336e-07,1.8365068848988214e-14
375,6.87792849559646e-07,1.6510168207842898e-14
376,5.908832403028664e-07,1.3086966016613473e-14
377,5.28196606449749e-07,9.230145466670533e-15
378,5.015943622077328e-07,9.230145466670533e-15
379,4.849142605105738e-07,4.549287246991167e-15
380,4.787453529261027e-07,4.549287246991167e-15
381,4.522264776163848e-07,4.549287246991167e-15
382,4.118253947418222e-07,4.549287246991167e-15
383,4.006007503247806e-07,4.549287246991167e-15
384,3.7259675645931963e-07,2.3371302736743624e-15
385,3.6582074361446854e-07,2.3371302736743624e-15
386,3.28142347109957e-07,2.2777926849740333e-15
387,3.0503022284727005e-07,2.19797906614244e-15
388,2.776638649871452e-07,2.19797906614244e-15
389,2.438094426546864e-07,7.247843822408318e-16
390,2.2686628201245073e-07,4.801640715729368e-16
391,2.0115776807647912e-07,4.801640715729368e-16
392,1.921060493800353e-07,4.801640715729368e-16
393,1.801392822159421e-07,4.801640715729368e-16
394,1.8014008635220778e-07,2.4313634300565886e-16
395,1.6933328611556955e-07,2.4313634300565886e-16
396,1.6268828094396776e-07,2.4313634300565886e-16
397,1.5883883128133332e-07,2.4313634300565886e-16
398,1.5649945306448722e-07,2.4313634300565886e-16
399,1.3777831281664273e-07,2.4313634300565886e-16
400,1.244104706674449e-07,2.4313634300565886e-16
401,1.1143924855006563e-07,2.3234420956105257e-16
402,1.0212158229423246e-07,1.363890528261317e-16
403,9.158942017844157e-08,1.0347391475009797e-16
404,8.034933773162384e-08,1.0347391475009797e-16
405,7.430132380821802e-08,1.0347391475009797e-16
406,7.174078392043234e-08,1.0347391475009797e-16
407,6.720706189831743e-08,1.0347391475009797e-16
408,6.49635613859419e-08,1.0347391475009797e-16
409,6.366328715195522e-08,3.2304651880365034e-17
410,6.048109459170582e-08,3.2304651880365034e-17
411,5.7852755420138605e-08,3.2304651880365034e-17
412,5.5868983777791624e-08,3.2304651880365034e-17
413,5.1490159377918554e-08,2.5509827211472347e-17
414,4.7660207925093685e-08,2.4368349373305567e-17
415,4.297456331889921e-08,2.4368349373305567e-17
416,4.044663560024647e-08,1.939784158293241e-17
417,3.7080319758410985e-08,1.939784158293241e-17
418,3.4343852878639445e-08,1.939784158293241e-17
419,3.1315212820411265e-08,1.6443201746631748e-17
420,2.995687562594694e-08,1.040792098279243e-17
421,2.779838269667378e-08,8.235540037315498e-18
422,2.5186613005643825e-08,6.925680344454409e-18
423,2.2982126205213585e-08,5.1750529639819154e-18
424,2.195598935186357e-08,4.9148409470376186e-18
425,1.9857799067052875e-08,3.079712047341084e-18
426,1.850106285399548e-08,3.079712047341084e-18
427,1.6971119931870184e-08,3.079712047341084e-18
428,1.5925608129502636e-08,3.079712047341084e-18
429,1.4628203014732196e-08,3.036054534547176e-18
430,1.3350768805185353e-08,1.8726522814710113e-18
431,1.2647299546981209e-08,1.3263542311175223e-18
432,1.1582946617031761e-08,9.79047804484886e-19
433,1.0738883120629086e-08,5.831186680385237e-19
434,1.0904768314844724e-08,5.831186680385237e-19
435,1.0452252193942008e-08,5.831186680385237e-19
436,1.0012919830093096e-08,5.831186680385237e-19
437,9.214727162857418e-09,5.831186680385237e-19
438,9.02920276730943e-09,5.831186680385237e-19
439,8.57129981553592e-09,5.831186680385237e-19
440,7.94215134256887e-09,4.460654129345967e-19
441,7.085267832157901e-09,4.411191575725256e-19
442,6.472741709629412e-09,4.411191575725256e-19
443,5.665074675952496e-09,2.330317007549112e-19
444,5.007663540201762e-09,2.330317007549112e-19
445,4.691666859141086e-09,1.8258417760870572e-19
446,4.429055572938126e-09,1.7147290939882863e-19
447,4.458068788382634e-09,1.3115595775280368e-19
448,4.395029091872152e-09,9.956582462274804e-20
449,3.947699339253596e-09,9.956582462274804e-20
450,3.6159807322875542e-09,9.868120388082689e-20
451,3.503002411485847e-09,9.868120388082689e-20
452,3.3774978009519927e-09,9.868120388082689e-20
453,3.256852393078482e-09,9.868120388082689e-20
454,3.169436198209092e-09,9.868120388082689e-20
455,3.067545117802577e-09,9.061914384324356e-20
456,2.9663482622535083e-09,4.344125253018401e-20
457,2.9023466933047705e-09,4.344125253018401e-20
458,2.8614504197520717e-09,4.344125253018401e-20
459,2.784065025004683e-09,2.7687266606017994e-20
460,2.5954139309156287e-09,2.7687266606017994e-20
461,2.4989057621454047e-09,2.7687266606017994e-20
462,2.3986470033462893e-09,2.7687266606017994e-20
463,2.245497608098819e-09,2.7687266606017994e-20
464,2.0691215726875067e-09,2.7687266606017994e-20
465,1.8650239253896896e-09,2.7687266606017994e-20
466,1.6967659870842074e-09,7.61394177672648e-21
467,1.5508081737852418e-09,7.61394177672648e-21
468,1.3967825145700645e-09,7.61394177672648e-21
469,1.3327107257100087e-09,4.565732591916181e-21
470,1.2672525143385457e-09,4.565732591916181e-21
471,1.141745249648027e-09,4.565732591916181e-21
472,1.0794263361045438e-09,2.022416311511177e-21
473,1.0308941608063055e-09,2.022416311511177e-21
474,9.35716783560728e-10,2.022416311511177e-21
475,8.565998890712788e-10,2.022416311511177e-21
476,7.993185820056615e-10,2.022416311511177e-21
477,7.253868138222438e-10,2.022416311511177e-21
478,6.716911452476366e-10,2.022416311511177e-21
479,6.169953826282237e-10,1.9474912060900077e-21
480,6.32885940060361e-10,1.9474912060900077e-21
481,5.775178751563151e-10,1.783878234450811e-21
482,5.414888174203141e-10,1.7778076546824434e-21
483,5.281645313600777e-10,6.926070372626162e-22
484,5.329199426760515e-10,6.926070372626162e-22
485,5.3521020851151e-10,6.926070372626162e-22
486,5.140027303728891e-10,6.926070372626162e-22
487,4.881370789275031e-10,6.926070372626162e-22
488,4.423734381865979e-10,6.926070372626162e-22
489,3.8893371105214386e-10,6.926070372626162e-22
490,3.507770589751399e-10,6.926070372626162e-22
491,3.240355081387683e-10,2.741710144849879e-22
492,3.018728321098298e-10,2.1187243153573075e-22
493,2.8968733382118597e-10,2.1187243153573075e-22
494,2.7218873547359127e-10,2.1187243153573075e-22
495,2.5123111328869165e-10,2.1187243153573075e-22
496,2.4075503528353256e-10,2.1187243153573075e-22
497,2.4661592133618227e-10,1.608254593172629e-22
498,2.2803273300898477e-10,1.3197098107406699e-22
499,1.99673571324999e-10,9.700959604629997e-23
500,1.7467710042826919e-10,8.253651030585845e-23
501,1.602704175358007e-10,7.980549741650674e-23
502,1.448953765291595e-10,7.980549741650674e-23
503,1.322084524303701e-10,5.499887088549321e-23
504,1.2519385091980015e-10,5.499887088549321e-23
505,1.1761676661643785e-10,5.186387862874144e-23
506,1.036578062027905e-10,4.1317500096320204e-23
507,9.882450352428194e-11,3.728628195511939e-23
508,9.667904736453583e-11,2.6832252271449643e-23
509,9.095461376619627e-11,2.3496164685394062e-23
510,8.433195990935303e-11,1.9398040179912346e-23
511,7.99745459684811e-11,1.9398040179912346e-23
512,7.183468031429676e-11,1.5092176273795094e-23
513,6.422283740542112e-11,9.48858772765604e-24
514,6.138153579265655e-11,8.831851304674145e-24
515,5.504155580416935e-11,7.396270400016221e-24
516,4.832183054858163e-11,5.02555172137246e-24
517,4.596829611017637e-11,2.868787627930451e-24
518,4.0714820053552963e-11,2.868787627930451e-24
519,3.765045319655531e-11,2.868787627930451e-24
520,3.379300728350586e-11,2.868787627930451e-24
521,3.0797141919340485e-11,2.868787627930451e-24
522,2.7245517311965277e-11,1.7916121563992397e-24
523,2.597286594950192e-11,1.7482034167057972e-24
524,2.527966014659605e-11,1.3280488267921677e-24
525,2.3630071791239323e-11,1.09894196390995e-24
526,2.2072315970645192e-11,9.827430384054081e-25
527,2.0458176954403867e-11,6.802361963372091e-25
528,1.858078010312979e-11,6.802361963372091e-25
529,1.6980893357107058e-11,4.946120825724652e-25
530,1.6259059357682345e-11,4.946120825724652e-25
531,1.4799164330869956e-11,4.946120825724652e-25
532,1.2982899168234272e-11,3.609367289607393e-25
533,1.2157724981099584e-11,2.606057028097957e-25
534,1.1158164896914554e-11,2.606057028097957e-25
535,1.0078262968754582e-11,2.606057028097957e-25
536,9.467808882448054e-12,2.5154157096108146e-25
537,9.119360025963741e-12,1.6085431278791144e-25
538,8.488383396708363e-12,1.0728505737227704e-25
539,7.90534361363144e-12,1.0728505737227704e-25
540,7.486707223360295e-12,9.750831545115136e-26
541,7.497788224269336e-12,9.440268732258055e-26
542,7.125477333228909e-12,9.440268732258055e-26
543,7.1677891851352676e-12,9.440268732258055e-26
544,6.805371688432301e-12,8.129955556499195e-26
545,6.358565742334847e-12,8.129955556499195e-26
546,5.87912083581132e-12,7.859800480642661e-26
547,5.4884066918680106e-12,6.452824140616091e-26
548,5.0415191440565466e-12,4.537660176174064e-26
549,4.900573269463438e-12,4.537660176174064e-26
550,4.6607123302606675e-12,4.537660176174064e-26
551,4.40663196401267e-12,4.537660176174064e-26
552,4.110201663638309e-12,1.6710570623185218e-26
553,3.782904178875289e-12,1.2155551125076708e-26
554,3.4619278204581697e-12,6.724675773396884e-27
555,3.210882537008865e-12,6.724675773396884e-27
556,2.9373820738277778e-12,2.3484082469821416e-27
557,2.792771467535379e-12,2.3484082469821416e-27
558,2.6812006059518766e-12,2.3484082469821416e-27
559,2.4787727595613103e-12,2.3484082469821416e-27
560,2.2654964794816084e-12,2.3484082469821416e-27
561,2.0707174177110315e-12,2.3484082469821416e-27
562,1.9198668188555778e-12,2.3484082469821416e-27
563,1.8211428505699324e-12,2.3484082469821416e-27
564,1.7930338910031974e-12,2.3484082469821416e-27
565,1.6706668837872778e-12,2.3484082469821416e-27
566,1.5999635224112456e-12,2.3484082469821416e-27
567,1.494250335956438e-12,2.1399050998326176e-27
568,1.3934895034219209e-12,1.4017851349783107e-27
569,1.241925805248908e-12,1.4017851349783107e-27
570,1.1768248812177404e-12,1.4017851349783107e-27
571,1.1488204290415786e-12,1.4017851349783107e-27
572,1.0931161040132692e-12,1.4017851349783107e-27
573,1.0961016048344775e-12,1.1784626036796624e-27
574,9.931707263571434e-13,8.220338302058264e-28
575,9.806624211737214e-13,6.0530400655925165e-28
576,9.39892321728429e-13,6.0530400655925165e-28
577,8.331802333540078e-13,3.423797544222264e-28
578,7.71934988403989e-13,3.423797544222264e-28
579,7.326605945981499e-13,3.423797544222264e-28
580,6.819351451156592e-13,3.423797544222264e-28
581,6.438771619283913e-13,3.423797544222264e-28
582,6.014901218602876e-13,3.423797544222264e-28
583,5.43411058885825e-13,3.423797544222264e-28
584,5.04364861437411e-13,2.6729219062888966e-28
585,4.817803584356557e-13,1.8542080689112589e-28
586,4.583626483009048e-13,1.8542080689112589e-28
587,4.374838072590311e-13,1.3393752053176935e-28
588,4.286430044878848e-13,1.3393752053176935e-28
589,4.3807018106045687e-13,1.3393752053176935e-28
590,4.02600620435049e-13,1.2122411648967394e-28
591,3.6216987068934947e-13,1.2122411648967394e-28
592,3.4438659084637084e-13,1.2122411648967394e-28
593,3.171139253026723e-13,1.2122411648967394e-28
594,3.032105985121873e-13,1.2122411648967394e-28
595,2.661855198724347e-13,7.930617709684819e-29
596,2.579815634301155e-13,7.930617709684819e-29
597,2.599854486426901e-13,5.780213993308609e-29
598,2.72464069197652e-13,4.460109464174211e-29
599,2.6346946795057223e-13,4.460109464174211e-29
600,2.6737311154901935e-13,2.780134716779134e-29
601,2.6898599273379186e-13,2.780134716779134e-29
602,2.561580252532434e-13,2.780134716779134e-29
603,2.565547175895563e-13,2.410727248728127e-29
604,2.454832363983411e-13,2.410727248728127e-29
605,2.2670862320365165e-13,2.410727248728127e-29
606,1.999966095024687e-13,2.410727248728127e-29
607,1.8160031213354433e-13,1.3287633189374202e-29
608,1.6518820050341018e-13,1.3287633189374202e-29
609,1.4481752373599706e-13,1.3287633189374202e-29
610,1.3422150172653681e-13,6.695028728311013e-30
611,1.2953025063658038e-13,4.098024342550683e-30
612,1.2206869849815415e-13,4.098024342550683e-30
613,1.1063556530865661e-13,3.834846702728046e-30
614,1.082255276492237e-13,3.834846702728046e-30
615,1.0187974072269023e-13,3.834846702728046e-30
616,9.794326414344703e-14,3.476190995616964e-30
617,9.081253411463232e-14,1.53958123834793e-30
618,8.8113838456412e-14,1.53958123834793e-30
619,9.050787510154302e-14,1.53958123834793e-30
620,8.825030391692369e-14,1.53958123834793e-30
621,8.553772116648915e-14,1.53958123834793e-30
622,8.35093707112892e-14,1.53958123834793e-30
623,7.618559253366266e-14,1.53958123834793e-30
624,8.172288674778214e-14,1.3355229377987746e-30
625,8.177274348521443e-14,8.22974583289363e-31
626,7.962811643726903e-14,8.22974583289363e-31
627,7.508788649220702e-14,8.22974583289363e-31
628,8.062956648141249e-14,8.22974583289363e-31
629,7.977336879196669e-14,8.22974583289363e-31
630,8.139994001852461e-14,8.22974583289363e-31
631,8.382430385895597e-14,8.22974583289363e-31
632,8.07179899669913e-14,8.22974583289363e-31
633,7.574744741325616e-14,8.22974583289363e-31
634,7.10151153823508e-14,8.22974583289363e-31
635,6.671716154920234e-14,8.22974583289363e-31
636,6.211258542661845e-14,8.22974583289363e-31
637,5.591043091828984e-14,8.22974583289363e-31
638,5.537965867267421e-14,8.22974583289363e-31
639,5.2795179512506954e-14,7.093178867062312e-31
640,5.2989376092944635e-14,7.093178867062312e-31
641,5.6782719070981125e-14,7.093178867062312e-31
642,6.194916515174489e-14,7.093178867062312e-31
643,6.350616136544824e-14,7.093178867062312e-31
644,6.419390445982549e-14,7.093178867062312e-31
645,6.760784442592872e-14,7.093178867062312e-31
646,6.868275277205284e-14,7.093178867062312e-31
647,6.322239188345416e-14,7.093178867062312e-31
648,5.98604329746044e-14,7.093178867062312e-31
649,5.830402885265326e-14,5.687154566025887e-31
650,5.925398076140018e-14,3.7952298505331196e-31
651,5.929283770938463e-14,3.7952298505331196e-31
652,5.798316802529012e-14,3.7952298505331196e-31
653,5.725057076041638e-14,3.7952298505331196e-31
654,5.899097048387683e-14,3.7952298505331196e-31
655,5.973950441541774e-14,3.7952298505331196e-31
656,5.4932938590300836e-14,3.7952298505331196e-31
657,5.347974750200116e-14,3.7952298505331196e-31
658,5.605607921339515e-14,3.7952298505331196e-31
659,5.597559458992309e-14,3.7952298505331196e-31
660,5.4096911085868196e-14,3.7952298505331196e-31
661,5.202731049839509e-14,3.0750596439456653e-31
662,4.852215048390629e-14,2.9284046852650998e-31
663,4.6342297062378095e-14,2.3429952186542417e-31
664,4.246047078607584e-14,1.777264416470379e-31
665,3.863360586658433e-14,1.777264416470379e-31
666,3.609571188252363e-14,1.777264416470379e-31
667,3.218425064565825e-14,1.777264416470379e-31
668,2.853374738154204e-14,1.7410166859056503e-31
669,2.63267325680649e-14,1.1951638413845569e-31
670,2.6238904620431092e-14,1.1951638413845569e-31
671,2.4592299248789897e-14,1.010201391294458e-31
672,2.5081377549246005e-14,7.966625097817782e-32
673,2.559857938971747e-14,7.966625097817782e-32
674,2.51534809950732e-14,7.966625097817782e-32
675,2.564462088390673e-14,7.966625097817782e-32
676,2.5554859410089785e-14,6.205869664715539e-32
677,2.3750381073618974e-14,6.205869664715539e-32
678,2.3162721559211172e-14,6.205869664715539e-32
679,2.351160406256592e-14,6.205869664715539e-32
680,2.292786113139781e-14,6.205869664715539e-32
681,2.2405085847821613e-14,6.205869664715539e-32
682,2.338948605244308e-14,6.205869664715539e-32
683,2.4499476989802164e-14,6.205869664715539e-32
684,2.3521648799518038e-14,6.205869664715539e-32
685,2.170767558766889e-14,3.4692973119758394e-32
686,1.9656116382474622e-14,3.0940638512334423e-32
687,2.0411427421253405e-14,3.0940638512334423e-32
688,2.0015338553208308e-14,3.0940638512334423e-32
689,1.9641192220714202e-14,3.0940638512334423e-32
690,2.0301578801110712e-14,2.8574196246050576e-32
691,2.0720498363680012e-14,2.8574196246050576e-32
692,2.1522825047605107e-14,2.8574196246050576e-32
693,2.1514870696602498e-14,2.8574196246050576e-32
694,2.022209739924049e-14,2.8574196246050576e-32
695,1.9671819277346108e-14,2.401342570397106e-32
696,1.8463371726313175e-14,2.401342570397106e-32
697,1.7331212228881113e-14,2.401342570397106e-32
698,1.6540995308047727e-14,2.057109195927887e-32
699,1.7632457744898592e-14,2.057109195927887e-32
700,2.046609486530439e-14,2.057109195927887e-32
701,2.2544910794695103e-14,2.057109195927887e-32
702,2.3123032961160654e-14,2.057109195927887e-32
703,2.255475937696739e-14,2.057109195927887e-32
704,2.15164837100326e-14,1.5114172491340384e-32
705,2.0957836884619227e-14,1.5114172491340384e-32
706,2.0119738603371696e-14,1.5114172491340384e-32
707,1.9297943035320255e-14,1.5114172491340384e-32
708,1.8962031977995283e-14,1.5114172491340384e-32
709,2.0878398178704586e-14,1.5114172491340384e-32
710,2.2605217659844428e-14,1.5114172491340384e-32
711,2.576808797528389e-14,1.5114172491340384e-32
712,2.5677702675397446e-14,1.5114172491340384e-32
713,2.4378886874748926e-14,1.5114172491340384e-32
714,2.3818676062264644e-14,1.5114172491340384e-32
715,2.2390803036947232e-14,1.5114172491340384e-32
716,2.111153059396959e-14,1.5114172491340384e-32
717,1.9205343622416997e-14,1.5114172491340384e-32
718,1.7686030210013945e-14,1.5114172491340384e-32
719,1.5343151170050238e-14,1.5114172491340384e-32
720,1.522524617295091e-14,1.389368399939524e-32
721,1.543716245214562e-14,7.059688245828643e-33
722,1.3688926891660515e-14,7.059688245828643e-33
723,1.2590651953812588e-14,7.059688245828643e-33
724,1.1127981849560224e-14,7.059688245828643e-33
725,1.0106254937782295e-14,7.059688245828643e-33
726,9.81768290157044e-15,4.814126107202218e-33
727,9.895204263097287e-15,4.814126107202218e-33
728,9.461927158761701e-15,4.5366277263581065e-33
729,8.715642387359978e-15,4.2092411565428844e-33
730,8.015519809256277e-15,3.2475826333690534e-33
731,7.976047008385749e-15,3.2475826333690534e-33
732,7.258572713344562e-15,3.2475826333690534e-33
733,6.971656327839503e-15,2.396787768154021e-33
734,6.52831747828503e-15,2.396787768154021e-33
735,5.736427432810636e-15,2.396787768154021e-33
736,5.6541525623635315e-15,2.396787768154021e-33
737,5.957864208037153e-15,1.6701899581875308e-33
738,6.854495467900506e-15,1.6701899581875308e-33
739,7.941430148187374e-15,1.6701899581875308e-33
740,8.608007346474426e-15,1.6701899581875308e-33
741,8.75501288264623e-15,1.6701899581875308e-33
742,8.721083420602444e-15,1.6701899581875308e-33
743,9.46911114499448e-15,1.6701899581875308e-33
744,9.960997200140128e-15,1.6701899581875308e-33
745,1.1069785559571009e-14,1.6701899581875308e-33
746,1.2017356566110144e-14,1.6701899581875308e-33
747,1.1884925240115367e-14,1.6701899581875308e-33
748,1.2013352654074782e-14,1.6701899581875308e-33
749,1.1351800059520293e-14,1.6701899581875308e-33
750,1.0575279033309018e-14,1.6701899581875308e-33
751,9.825341319389315e-15,1.6701899581875308e-33
752,9.16618854009438e-15,1.6701899581875308e-33
753,8.152729257368194e-15,1.6701899581875308e-33
754,7.315470268876216e-15,1.4269240921658432e-33
755,6.751676196248044e-15,1.4269240921658432e-33
756,6.066881033085032e-15,1.1298652390128483e-33
757,5.87785953489604e-15,7.485363025814904e-34
758,6.142825384482713e-15,7.485363025814904e-34
759,6.319749895268918e-15,7.485363025814904e-34
760,6.003160660790277e-15,6.7727994685180805e-34
761,5.876284995937316e-15,6.7727994685180805e-34
762,6.3553939340066366e-15,6.7727994685180805e-34
763,7.214178398820933e-15,6.7727994685180805e-34
764,8.294048974961594e-15,6.7727994685180805e-34
765,8.679017907383598e-15,6.7727994685180805e-34
766,8.148287422885522e-15,6.7727994685180805e-34
767,7.490697860662988e-15,6.7727994685180805e-34
768,6.732228438326433e-15,6.7727994685180805e-34
769,6.043516950110356e-15,6.7727994685180805e-34
770,5.9388489417034844e-15,6.7727994685180805e-34
771,5.729314860665118e-15,6.7727994685180805e-34
772,5.882093216231889e-15,4.981013021867631e-34
773,6.053293316802998e-15,4.981013021867631e-34
774,5.689194682919919e-15,4.981013021867631e-34
775,5.1837340411214395e-15,4.981013021867631e-34
776,4.846975882975552e-15,4.981013021867631e-34
777,4.69206099288904e-15,4.981013021867631e-34
778,4.349644873243716e-15,4.754315408486078e-34
779,4.278082393172626e-15,2.769778461001992e-34
780,4.007192558718322e-15,2.769778461001992e-34
781,3.996806258359879e-15,1.880949415497574e-34
782,4.5466520014487275e-15,1.880949415497574e-34
783,4.8530075597968e-15,1.880949415497574e-34
784,5.004783859737334e-15,1.880949415497574e-34
785,5.1807994468188665e-15,1.880949415497574e-34
786,5.046037641652927e-15,1.880949415497574e-34
787,4.9833183997063664e-15,1.880949415497574e-34
788,4.676973359843514e-15,1.880949415497574e-34
789,4.5943730256793426e-15,1.880949415497574e-34
790,4.781471304669896e-15,1.880949415497574e-34
791,4.53382556030884e-15,1.880949415497574e-34
792,4.4810509574784885e-15,1.880949415497574e-34
793,4.191303251313475e-15,1.3290668079811853e-34
794,3.875310765298301e-15,1.3290668079811853e-34
795,3.5731131112539185e-15,1.3290668079811853e-34
796,3.532203279674947e-15,1.2245269108283168e-34
797,3.601628296284672e-15,1.2245269108283168e-34
798,3.5280247619849776e-15,1.2245269108283168e-34
799,3.2410866898029983e-15,1.1879150800952732e-34
800,3.1981699206156342e-15,1.1879150800952732e-34
801,3.1440896505878846e-15,1.1879150800952732e-34
802,3.158106551934858e-15,1.1667812337946347e-34
803,3.1456168194572387e-15,1.1667812337946347e-34
804,3.16483719447129e-15,1.1667812337946347e-34
805,3.0961346512273438e-15,1.1667812337946347e-34
806,3.0369441716286716e-15,1.1667812337946347e-34
807,2.81165837223799e-15,1.1029981250498766e-34
808,2.572316476047668e-15,1.1029981250498766e-34
809,2.3276904800491355e-15,9.224986639279234e-35
810,2.112862258143868e-15,7.32274163832356e-35
811,1.9921362526108665e-15,6.558495021807947e-35
812,1.8013823021544853e-15,4.89999811815147e-35
813,1.7037121081968707e-15,4.89999811815147e-35
814,1.714901152470453e-15,4.7400901392855464e-35
815,1.780021212985594e-15,3.3552978758724946e-35
816,1.8188156089103084e-15,3.3552978758724946e-35
817,2.1575353606097745e-15,3.3552978758724946e-35
818,2.3881914783340062e-15,3.3552978758724946e-35
819,2.727763173071744e-15,3.3552978758724946e-35
820,2.978591274646127e-15,3.3552978758724946e-35
821,2.9918347348952565e-15,3.3552978758724946e-35
822,2.9327209170795347e-15,3.3552978758724946e-35
823,3.0945245163884e-15,3.3552978758724946e-35
824,3.1339007931090544e-15,3.3552978758724946e-35
825,3.10077063339306e-15,3.3552978758724946e-35
826,3.381328975538268e-15,2.853810263894819e-35
827,3.3650989505255872e-15,2.853810263894819e-35
828,3.284991334704592e-15,2.853810263894819e-35
829,3.309527272997838e-15,2.853810263894819e-35
830,3.442440043098123e-15,2.853810263894819e-35
831,3.3031693523853388e-15,2.853810263894819e-35
832,3.3382527746124485e-15,2.853810263894819e-35
833,3.0326402733054596e-15,2.853810263894819e-35
834,2.958153240923557e-15,2.853810263894819e-35
835,3.1296813989481066e-15,2.853810263894819e-35
836,3.022607938775447e-15,2.853810263894819e-35
837,2.995797265226017e-15,2.853810263894819e-35
838,2.7834888472333828e-15,2.853810263894819e-35
839,2.5739134904849158e-15,2.853810263894819e-35
840,2.467728346574699e-15,2.853810263894819e-35
841,2.4613182953646346e-15,2.853810263894819e-35
842,2.4171608693488666e-15,2.853810263894819e-35
843,2.2867756875247415e-15,2.853810263894819e-35
844,2.2481666740875323e-15,2.853810263894819e-35
845,2.0739950691708613e-15,2.841827265460068e-35
846,1.8588754032706776e-15,2.526435018933492e-35
847,1.87040336349602e-15,2.526435018933492e-35
848,1.9195495477348103e-15,2.526435018933492e-35
849,1.9450736936444214e-15,2.2482927012906422e-35
850,1.880097664973247e-15,1.665001610052177e-35
851,1.7610839411250457e-15,1.665001610052177e-35
852,1.6401374238949346e-15,1.665001610052177e-35
853,1.5175014855673007e-15,1.665001610052177e-35
854,1.437509449234847e-15,1.665001610052177e-35
855,1.3121169198534029e-15,1.4548754902493868e-35
856,1.240297234385624e-15,1.4548754902493868e-35
857,1.1634125136280021e-15,8.068817467983994e-36
858,1.1376606814036178e-15,8.068817467983994e-36
859,1.087378789959638e-15,7.137097197225013e-36
860,1.1037455174625156e-15,2.5393818942585662e-36
861,1.1299436611645355e-15,2.5393818942585662e-36
862,1.1488057391752864e-15,2.5393818942585662e-36
863,1.109364607256318e-15,2.5393818942585662e-36
864,1.0756488999790737e-15,2.5393818942585662e-36
865,1.0199151112258543e-15,1.917316977415262e-36
866,1.0577003110730269e-15,1.917316977415262e-36
867,1.1181131066380353e-15,1.917316977415262e-36
868,1.1647502568433776e-15,1.917316977415262e-36
869,1.1912436008077422e-15,1.917316977415262e-36
870,1.1227407518190145e-15,1.917316977415262e-36
871,1.1192957847386362e-15,1.917316977415262e-36
872,1.1147173474703418e-15,1.917316977415262e-36
873,1.1156151320896837e-15,1.917316977415262e-36
874,1.0643713430784823e-15,1.917316977415262e-36
875,1.046976929161437e-15,1.917316977415262e-36
876,1.0251453146144324e-15,1.917316977415262e-36
877,1.003923952363857e-15,1.917316977415262e-36
878,9.704650760363107e-16,1.917316977415262e-36
879,8.857328389512953e-16,1.917316977415262e-36
880,7.999628189995386e-16,1.917316977415262e-36
881,7.378089174473464e-16,1.8294367033725732e-36
882,6.794188270342563e-16,1.8294367033725732e-36
883,6.437832200133839e-16,1.2616013958866369e-36
884,5.848989381211834e-16,9.97271467159047e-37
885,5.440827825562756e-16,8.506438162607986e-37
886,5.177563172205636e-16,5.948576185828871e-37
887,5.451689888510011e-16,5.948576185828871e-37
888,5.554389868385661e-16,5.948576185828871e-37
889,5.927969264673442e-16,5.948576185828871e-37
890,6.054704152150267e-16,5.948576185828871e-37
891,6.702597683178841e-16,4.957593460125565e-37
892,6.959267228710346e-16,4.957593460125565e-37
893,6.835457238323882e-16,4.957593460125565e-37
894,6.856981876168685e-16,4.957593460125565e-37
895,6.882777952374117e-16,4.957593460125565e-37
896,6.584167773721053e-16,4.957593460125565e-37
897,6.857734347835344e-16,4.957593460125565e-37
898,7.058531576762809e-16,4.957593460125565e-37
899,7.103573675781594e-16,4.957593460125565e-37
900,6.869832236440299e-16,4.957593460125565e-37
901,6.487117573687339e-16,4.957593460125565e-37
902,6.15715681962692e-16,4.957593460125565e-37
903,5.920798932430536e-16,4.957593460125565e-37
904,5.684659730041136e-16,4.957593460125565e-37
905,5.421519135889088e-16,4.957593460125565e-37
906,5.166443020969964e-16,4.957593460125565e-37
907,4.821153962042334e-16,3.834118280187526e-37
908,4.407841285141205e-16,2.5040803745642114e-37
909,3.8556847874733735e-16,2.5040803745642114e-37
910,3.679245600228164e-16,2.4401900009637297e-37
911,3.641638283350266e-16,2.4401900009637297e-37
912,3.7877180061076073e-16,2.222169334436828e-37
913,4.111687660452606e-16,2.222169334436828e-37
914,4.393644230680877e-16,1.965303497937578e-37
915,4.638426335468879e-16,1.965303497937578e-37
916,5.0548022098943e-16,1.965303497937578e-37
917,5.218160683877084e-16,1.965303497937578e-37
918,4.83316090177505e-16,1.965303497937578e-37
919,4.990766104785179e-16,1.965303497937578e-37
920,4.880044368959812e-16,1.965303497937578e-37
921,4.822777106511904e-16,1.965303497937578e-37
922,4.4525163728373e-16,1.965303497937578e-37
923,4.1573525565272845e-16,1.965303497937578e-37
924,3.8384249485419014e-16,1.965303497937578e-37
925,3.6436772756735704e-16,1.965303497937578e-37
926,3.5263395721019533e-16,1.9418066160178413e-37
927,3.5575675573269423e-16,1.7506935348002756e-37
928,3.6955025385926213e-16,1.7506935348002756e-37
929,3.6492843483978327e-16,1.7506935348002756e-37
930,3.4642939229896664e-16,1.6576721629325145e-37
931,3.311216704937313e-16,1.125010928762548e-37
932,3.2839670535854726e-16,1.125010928762548e-37
933,3.1286380411068025e-16,1.0454397894598634e-37
934,3.0871227282281004e-16,1.0454397894598634e-37
935,2.82087713990169e-16,1.0454397894598634e-37
936,2.5919616325405937e-16,9.386426923178471e-38
937,2.419210203103654e-16,7.861251724185916e-38
938,2.236997677669187e-16,3.640905578889062e-38
939,1.9694840680690404e-16,3.640905578889062e-38
940,1.736072338116294e-16,3.640905578889062e-38
941,1.5375243851964262e-16,2.7793358112481346e-38
942,1.4878238569231687e-16,2.420603577826573e-38
943,1.452487415900862e-16,2.420603577826573e-38
944,1.4829220852101368e-16,2.1173907966449701e-38
945,1.5614969475926493e-16,1.1008502104678826e-38
946,1.8318757310337475e-16,1.1008502104678826e-38
947,1.9050929872129795e-16,1.1008502104678826e-38
948,2.1055412016534149e-16,1.1008502104678826e-38
949,2.260449640377811e-16,1.1008502104678826e-38
950,2.2638718635436485e-16,1.1008502104678826e-38
951,2.152954876651413e-16,1.1008502104678826e-38
952,1.9611551097946157e-16,1.1008502104678826e-38
953,1.8101312403468734e-16,1.1008502104678826e-38
954,1.6453494847284405e-16,1.1008502104678826e-38
955,1.6132119830769881e-16,1.1008502104678826e-38
956,1.5517293575987195e-16,1.1008502104678826e-38
957,1.637296189858359e-16,1.1008502104678826e-38
958,1.585101340590974e-16,1.1008502104678826e-38
959,1.5410372354219128e-16,1.1008502104678826e-38
960,1.4213080598106002e-16,1.1008502104678826e-38
961,1.2661703709927228e-16,1.1008502104678826e-38
962,1.127753817478444e-16,9.79161073737423e-39
963,1.0328009268242762e-16,9.574060166817411e-39
964,1.0343250293784406e-16,9.451830176116732e-39
965,9.864838556805434e-17,9.08429802360821e-39
966,9.844883951515943e-17,6.053228495974352e-39
967,9.681424547804399e-17,5.741380786747983e-39
968,9.566369962521179e-17,5.741380786747983e-39
969,9.43780916448828e-17,5.159097101516085e-39
970,9.476502724677952e-17,5.159097101516085e-39
971,8.558445815206606e-17,5.159097101516085e-39
972,7.740659024773625e-17,4.808270529416499e-39
973,6.985245782258717e-17,4.808270529416499e-39
974,6.361263114724747e-17,4.808270529416499e-39
975,7.323883975552618e-17,2.1030288624115068e-39
976,9.615980629184105e-17,2.1030288624115068e-39
977,1.1758071363219723e-16,2.1030288624115068e-39
978,1.3491643268327315e-16,2.1030288624115068e-39
979,1.4709152567867393e-16,2.1030288624115068e-39
980,1.612889717785109e-16,2.1030288624115068e-39
981,1.5934996622923651e-16,2.1030288624115068e-39
982,1.5295633588140673e-16,2.1030288624115068e-39
983,1.454570023085976e-16,2.1030288624115068e-39
984,1.4046298807703513e-16,2.1030288624115068e-39
985,1.3442557756416075e-16,2.1030288624115068e-39
986,1.2192301180183748e-16,2.1030288624115068e-39
987,1.1646705429222484e-16,2.1030288624115068e-39
988,1.2225781290211407e-16,2.1030288624115068e-39
989,1.2341298785562983e-16,2.1030288624115068e-39
990,1.1516138428098285e-16,2.1030288624115068e-39
991,1.1829181816521787e-16,2.1030288624115068e-39
992,1.1310421219175204e-16,2.1030288624115068e-39
993,1.1051217298721819e-16,2.1030288624115068e-39
994,1.0458069742881886e-16,2.1030288624115068e-39
995,1.070926231565468e-16,2.1030288624115068e-39
996,1.2089269485216339e-16,2.1030288624115068e-39
997,1.302751511736392e-16,2.1030288624115068e-39
998,1.347506526944277e-16,2.1030288624115068e-39
999,1.3431143898024468e-16,2.1030288624115068e-39
1000,1.3820973649243875e-16,2.1030288624115068e-39
